{"xy_sens": 7.1, "targeting_sens": 50.0, "xy_scale": 1.4084507042253522, "targeting_scale": 2.816901408450704}